{
  "apps\\api\\src\\index.ts": 1777092450.7248027,
  "apps\\api\\src\\middleware\\rateLimiter.ts": 1777093261.0950463,
  "apps\\api\\src\\routes\\billing.ts": 1777092440.048173,
  "apps\\api\\src\\routes\\jobs.ts": 1777092221.5902503,
  "apps\\api\\src\\routes\\user.ts": 1777092255.686226,
  "apps\\worker\\src\\index.ts": 1777093060.397128,
  "apps\\worker\\src\\cron\\cleanup.ts": 1777093113.4813867,
  "graphify\\graphify\\analyze.py": 1777093327.414309,
  "graphify\\graphify\\benchmark.py": 1777093327.414309,
  "graphify\\graphify\\build.py": 1777093327.414309,
  "graphify\\graphify\\cache.py": 1777093327.41531,
  "graphify\\graphify\\cluster.py": 1777093327.4163115,
  "graphify\\graphify\\detect.py": 1777093327.4163115,
  "graphify\\graphify\\export.py": 1777093327.4173045,
  "graphify\\graphify\\extract.py": 1777093327.41872,
  "graphify\\graphify\\hooks.py": 1777093327.41872,
  "graphify\\graphify\\ingest.py": 1777093327.41872,
  "graphify\\graphify\\manifest.py": 1777093327.4202318,
  "graphify\\graphify\\report.py": 1777093327.4202318,
  "graphify\\graphify\\security.py": 1777093327.4202318,
  "graphify\\graphify\\serve.py": 1777093327.421244,
  "graphify\\graphify\\transcribe.py": 1777093327.4272442,
  "graphify\\graphify\\validate.py": 1777093327.4283097,
  "graphify\\graphify\\watch.py": 1777093327.4283097,
  "graphify\\graphify\\wiki.py": 1777093327.4283097,
  "graphify\\graphify\\__init__.py": 1777093327.412303,
  "graphify\\graphify\\__main__.py": 1777093327.4133098,
  "graphify\\tests\\test_analyze.py": 1777093327.4422128,
  "graphify\\tests\\test_benchmark.py": 1777093327.4422128,
  "graphify\\tests\\test_build.py": 1777093327.4432285,
  "graphify\\tests\\test_cache.py": 1777093327.4432285,
  "graphify\\tests\\test_claude_md.py": 1777093327.4442203,
  "graphify\\tests\\test_cluster.py": 1777093327.4442203,
  "graphify\\tests\\test_confidence.py": 1777093327.4452355,
  "graphify\\tests\\test_detect.py": 1777093327.4452355,
  "graphify\\tests\\test_export.py": 1777093327.4462276,
  "graphify\\tests\\test_extract.py": 1777093327.4462276,
  "graphify\\tests\\test_hooks.py": 1777093327.4472284,
  "graphify\\tests\\test_hypergraph.py": 1777093327.4476595,
  "graphify\\tests\\test_ingest.py": 1777093327.4476595,
  "graphify\\tests\\test_install.py": 1777093327.4476595,
  "graphify\\tests\\test_languages.py": 1777093327.44874,
  "graphify\\tests\\test_multilang.py": 1777093327.44874,
  "graphify\\tests\\test_pipeline.py": 1777093327.44874,
  "graphify\\tests\\test_rationale.py": 1777093327.44874,
  "graphify\\tests\\test_report.py": 1777093327.4502544,
  "graphify\\tests\\test_security.py": 1777093327.4502544,
  "graphify\\tests\\test_semantic_similarity.py": 1777093327.4502544,
  "graphify\\tests\\test_serve.py": 1777093327.4512687,
  "graphify\\tests\\test_transcribe.py": 1777093327.4512687,
  "graphify\\tests\\test_validate.py": 1777093327.4522684,
  "graphify\\tests\\test_watch.py": 1777093327.4522684,
  "graphify\\tests\\test_wiki.py": 1777093327.4522684,
  "graphify\\tests\\__init__.py": 1777093327.4293103,
  "graphify\\tests\\fixtures\\sample.c": 1777093327.4335551,
  "graphify\\tests\\fixtures\\sample.cpp": 1777093327.4335551,
  "graphify\\tests\\fixtures\\sample.cs": 1777093327.4335551,
  "graphify\\tests\\fixtures\\sample.ex": 1777093327.4346101,
  "graphify\\tests\\fixtures\\sample.go": 1777093327.4346101,
  "graphify\\tests\\fixtures\\sample.java": 1777093327.4346101,
  "graphify\\tests\\fixtures\\sample.jl": 1777093327.4355998,
  "graphify\\tests\\fixtures\\sample.kt": 1777093327.4355998,
  "graphify\\tests\\fixtures\\sample.m": 1777093327.4355998,
  "graphify\\tests\\fixtures\\sample.php": 1777093327.4355998,
  "graphify\\tests\\fixtures\\sample.ps1": 1777093327.4355998,
  "graphify\\tests\\fixtures\\sample.py": 1777093327.4377751,
  "graphify\\tests\\fixtures\\sample.rb": 1777093327.4382527,
  "graphify\\tests\\fixtures\\sample.rs": 1777093327.4382527,
  "graphify\\tests\\fixtures\\sample.scala": 1777093327.4389753,
  "graphify\\tests\\fixtures\\sample.swift": 1777093327.4389753,
  "graphify\\tests\\fixtures\\sample.ts": 1777093327.4389753,
  "graphify\\tests\\fixtures\\sample.zig": 1777093327.4403923,
  "graphify\\tests\\fixtures\\sample_calls.py": 1777093327.4403923,
  "graphify\\tests\\fixtures\\sample_php_config.php": 1777093327.4403923,
  "graphify\\tests\\fixtures\\sample_php_container.php": 1777093327.4414237,
  "graphify\\tests\\fixtures\\sample_php_listen.php": 1777093327.4418955,
  "graphify\\tests\\fixtures\\sample_php_static_prop.php": 1777093327.4422128,
  "graphify\\worked\\example\\raw\\api.py": 1777093327.4536836,
  "graphify\\worked\\example\\raw\\parser.py": 1777093327.4536836,
  "graphify\\worked\\example\\raw\\processor.py": 1777093327.4536836,
  "graphify\\worked\\example\\raw\\storage.py": 1777093327.4536836,
  "graphify\\worked\\example\\raw\\validator.py": 1777093327.457397,
  "graphify\\worked\\httpx\\raw\\auth.py": 1777093327.4599943,
  "graphify\\worked\\httpx\\raw\\client.py": 1777093327.4599943,
  "graphify\\worked\\httpx\\raw\\exceptions.py": 1777093327.4599943,
  "graphify\\worked\\httpx\\raw\\models.py": 1777093327.4599943,
  "graphify\\worked\\httpx\\raw\\transport.py": 1777093327.4612503,
  "graphify\\worked\\httpx\\raw\\utils.py": 1777093327.4612503,
  "graphify\\worked\\mixed-corpus\\raw\\analyze.py": 1777093327.4673579,
  "graphify\\worked\\mixed-corpus\\raw\\build.py": 1777093327.4673579,
  "graphify\\worked\\mixed-corpus\\raw\\cluster.py": 1777093327.4684064,
  "packages\\db\\prisma\\seed.ts": 1777088702.0396688,
  "packages\\db\\src\\index.ts": 1777081171.5150995,
  "packages\\queue\\src\\connection.ts": 1777088344.7761714,
  "packages\\queue\\src\\index.ts": 1777092356.9135027,
  "packages\\storage\\src\\index.ts": 1777081253.252117,
  "README.md": 1777090490.8127654,
  "test.txt": 1777088846.403411,
  "graphify\\AGENTS.md": 1777093327.3971684,
  "graphify\\ARCHITECTURE.md": 1777093327.3971684,
  "graphify\\CHANGELOG.md": 1777093327.398183,
  "graphify\\README.md": 1777093327.399182,
  "graphify\\SECURITY.md": 1777093327.399182,
  "graphify\\docs\\translations\\README.ar-SA.md": 1777093327.4011745,
  "graphify\\docs\\translations\\README.cs-CZ.md": 1777093327.4011745,
  "graphify\\docs\\translations\\README.da-DK.md": 1777093327.4021752,
  "graphify\\docs\\translations\\README.de-DE.md": 1777093327.4021752,
  "graphify\\docs\\translations\\README.el-GR.md": 1777093327.4031818,
  "graphify\\docs\\translations\\README.es-ES.md": 1777093327.4031818,
  "graphify\\docs\\translations\\README.fi-FI.md": 1777093327.4031818,
  "graphify\\docs\\translations\\README.fr-FR.md": 1777093327.4041805,
  "graphify\\docs\\translations\\README.hi-IN.md": 1777093327.4041805,
  "graphify\\docs\\translations\\README.hu-HU.md": 1777093327.4051845,
  "graphify\\docs\\translations\\README.id-ID.md": 1777093327.4051845,
  "graphify\\docs\\translations\\README.it-IT.md": 1777093327.4061737,
  "graphify\\docs\\translations\\README.ja-JP.md": 1777093327.4061737,
  "graphify\\docs\\translations\\README.ko-KR.md": 1777093327.4071846,
  "graphify\\docs\\translations\\README.nl-NL.md": 1777093327.4071846,
  "graphify\\docs\\translations\\README.no-NO.md": 1777093327.4071846,
  "graphify\\docs\\translations\\README.pl-PL.md": 1777093327.4083147,
  "graphify\\docs\\translations\\README.pt-BR.md": 1777093327.4083147,
  "graphify\\docs\\translations\\README.ro-RO.md": 1777093327.4093037,
  "graphify\\docs\\translations\\README.ru-RU.md": 1777093327.4093037,
  "graphify\\docs\\translations\\README.sv-SE.md": 1777093327.4093037,
  "graphify\\docs\\translations\\README.th-TH.md": 1777093327.4103112,
  "graphify\\docs\\translations\\README.tr-TR.md": 1777093327.4103112,
  "graphify\\docs\\translations\\README.uk-UA.md": 1777093327.411314,
  "graphify\\docs\\translations\\README.vi-VN.md": 1777093327.411314,
  "graphify\\docs\\translations\\README.zh-CN.md": 1777093327.411314,